Type,Category,Name,Module,Description,Parent,Returns,Parameters
Class,Core Classes,User,a2a.auth.user,Represents an authenticated user,,,
Method,Core Classes,is_authenticated,a2a.auth.user,Property indicating if user is authenticated,User,,
Method,Core Classes,user_name,a2a.auth.user,Property containing the username,User,,
Class,Core Classes,UnauthenticatedUser,a2a.auth.user,Represents an unauthenticated user,,,
Method,Core Classes,is_authenticated,a2a.auth.user,Property indicating if user is authenticated (always False),UnauthenticatedUser,,
Method,Core Classes,user_name,a2a.auth.user,Property containing the username (None for unauthenticated),UnauthenticatedUser,,
Class,Core Classes,BaseClient,a2a.client.base_client,"Base implementation of the A2A client, containing transport-independent logic",,,
Method,Core Classes,cancel_task(),a2a.client.base_client,Requests the agent to cancel a specific task,BaseClient,,
Method,Core Classes,close(),a2a.client.base_client,Closes the underlying transport,BaseClient,,
Method,Core Classes,get_card(),a2a.client.base_client,Retrieves the agent's card,BaseClient,,
Method,Core Classes,get_task(),a2a.client.base_client,Retrieves the current state and history of a specific task,BaseClient,,
Method,Core Classes,get_task_callback(),a2a.client.base_client,Retrieves the push notification configuration for a specific task,BaseClient,,
Method,Core Classes,resubscribe(),a2a.client.base_client,Resubscribes to a task's event stream,BaseClient,,
Method,Core Classes,send_message(),a2a.client.base_client,Sends a message to the agent,BaseClient,,
Method,Core Classes,set_task_callback(),a2a.client.base_client,Sets or updates the push notification configuration for a specific task,BaseClient,,
Class,Core Classes,Client,a2a.client.client,Abstract base class defining the interface for an A2A client,,,
Method,Core Classes,add_event_consumer(),a2a.client.client,Attaches additional consumers to the Client,Client,,
Method,Core Classes,add_request_middleware(),a2a.client.client,Attaches additional middleware to the Client,Client,,
Method,Core Classes,cancel_task(),a2a.client.client,Requests the agent to cancel a specific task (abstract),Client,,
Method,Core Classes,consume(),a2a.client.client,Processes the event via all the registered Consumers,Client,,
Method,Core Classes,get_card(),a2a.client.client,Retrieves the agent's card (abstract),Client,,
Method,Core Classes,get_task(),a2a.client.client,Retrieves the current state and history of a specific task (abstract),Client,,
Method,Core Classes,get_task_callback(),a2a.client.client,Retrieves the push notification configuration for a specific task (abstract),Client,,
Method,Core Classes,resubscribe(),a2a.client.client,Resubscribes to a task's event stream (abstract),Client,,
Method,Core Classes,send_message(),a2a.client.client,Sends a message to the server (abstract),Client,,
Method,Core Classes,set_task_callback(),a2a.client.client,Sets or updates the push notification configuration for a specific task (abstract),Client,,
Class,Core Classes,A2AClient,a2a.client.legacy,Legacy A2A client implementation,,,
Method,Core Classes,cancel_task(),a2a.client.legacy,Requests the agent to cancel a specific task,A2AClient,,
Method,Core Classes,get_card(),a2a.client.legacy,Retrieves the agent's card,A2AClient,,
Method,Core Classes,get_task(),a2a.client.legacy,Retrieves the current state and history of a specific task,A2AClient,,
Method,Core Classes,get_task_callback(),a2a.client.legacy,Retrieves the push notification configuration for a specific task,A2AClient,,
Method,Core Classes,resubscribe(),a2a.client.legacy,Resubscribes to a task's event stream,A2AClient,,
Method,Core Classes,send_message(),a2a.client.legacy,Sends a message to the agent,A2AClient,,
Method,Core Classes,send_message_streaming(),a2a.client.legacy,Sends a streaming message request to the agent,A2AClient,,
Method,Core Classes,set_task_callback(),a2a.client.legacy,Sets or updates the push notification configuration for a specific task,A2AClient,,
Class,Core Classes,A2ACardResolver,a2a.client.card_resolver,Agent Card resolver for fetching agent cards,,,
Method,Core Classes,get_agent_card(),a2a.client.card_resolver,Fetches an agent card from a specified path relative to the base_url,A2ACardResolver,,
Class,Core Classes,ClientConfig,a2a.client.client,Configuration class for A2A clients,,,
Property,Core Classes,accepted_output_modes,a2a.client.client,Accepted output modes for the client,ClientConfig,,
Property,Core Classes,grpc_channel_factory,a2a.client.client,Factory for creating gRPC channels,ClientConfig,,
Property,Core Classes,httpx_client,a2a.client.client,HTTP client for making requests,ClientConfig,,
Property,Core Classes,polling,a2a.client.client,Configuration for polling behavior,ClientConfig,,
Property,Core Classes,push_notification_configs,a2a.client.client,Push notification configurations,ClientConfig,,
Property,Core Classes,streaming,a2a.client.client,Streaming configuration,ClientConfig,,
Property,Core Classes,supported_transports,a2a.client.client,List of supported transport protocols,ClientConfig,,
Property,Core Classes,use_client_preference,a2a.client.client,Whether to use client preferences,ClientConfig,,
Class,Core Classes,ClientFactory,a2a.client.client_factory,Factory for creating A2A clients,,,
Method,Core Classes,create(),a2a.client.client_factory,Creates a new client instance,ClientFactory,,
Method,Core Classes,register(),a2a.client.client_factory,Registers a client type,ClientFactory,,
Class,Core Classes,ClientTaskManager,a2a.client.client_task_manager,Manages tasks for A2A clients,,,
Method,Core Classes,get_task(),a2a.client.client_task_manager,Retrieves a task by ID,ClientTaskManager,,
Method,Core Classes,get_task_or_raise(),a2a.client.client_task_manager,Retrieves a task by ID or raises an exception if not found,ClientTaskManager,,
Method,Core Classes,process(),a2a.client.client_task_manager,Processes a task event,ClientTaskManager,,
Method,Core Classes,save_task_event(),a2a.client.client_task_manager,Saves a task event,ClientTaskManager,,
Method,Core Classes,update_with_message(),a2a.client.client_task_manager,Updates task state with a message,ClientTaskManager,,
Class,Core Classes,ClientTransport,a2a.client.transports.base,Abstract base class for client transports,,,
Method,Core Classes,cancel_task(),a2a.client.transports.base,Cancels a task via the transport,ClientTransport,,
Method,Core Classes,close(),a2a.client.transports.base,Closes the transport connection,ClientTransport,,
Method,Core Classes,get_card(),a2a.client.transports.base,Gets agent card via the transport,ClientTransport,,
Method,Core Classes,get_task(),a2a.client.transports.base,Gets task information via the transport,ClientTransport,,
Method,Core Classes,get_task_callback(),a2a.client.transports.base,Gets task callback configuration via the transport,ClientTransport,,
Method,Core Classes,resubscribe(),a2a.client.transports.base,Resubscribes to task events via the transport,ClientTransport,,
Method,Core Classes,send_message(),a2a.client.transports.base,Sends a message via the transport,ClientTransport,,
Method,Core Classes,send_message_streaming(),a2a.client.transports.base,Sends a streaming message via the transport,ClientTransport,,
Method,Core Classes,set_task_callback(),a2a.client.transports.base,Sets task callback configuration via the transport,ClientTransport,,
Class,Core Classes,JsonRpcTransport,a2a.client.transports.jsonrpc,JSON-RPC transport implementation,,,
Method,Core Classes,cancel_task(),a2a.client.transports.jsonrpc,Cancels a task via JSON-RPC,JsonRpcTransport,,
Method,Core Classes,close(),a2a.client.transports.jsonrpc,Closes the JSON-RPC transport connection,JsonRpcTransport,,
Method,Core Classes,get_card(),a2a.client.transports.jsonrpc,Gets agent card via JSON-RPC,JsonRpcTransport,,
Method,Core Classes,get_task(),a2a.client.transports.jsonrpc,Gets task information via JSON-RPC,JsonRpcTransport,,
Method,Core Classes,get_task_callback(),a2a.client.transports.jsonrpc,Gets task callback configuration via JSON-RPC,JsonRpcTransport,,
Method,Core Classes,resubscribe(),a2a.client.transports.jsonrpc,Resubscribes to task events via JSON-RPC,JsonRpcTransport,,
Method,Core Classes,send_message(),a2a.client.transports.jsonrpc,Sends a message via JSON-RPC,JsonRpcTransport,,
Method,Core Classes,send_message_streaming(),a2a.client.transports.jsonrpc,Sends a streaming message via JSON-RPC,JsonRpcTransport,,
Method,Core Classes,set_task_callback(),a2a.client.transports.jsonrpc,Sets task callback configuration via JSON-RPC,JsonRpcTransport,,
Class,Core Classes,RestTransport,a2a.client.transports.rest,REST transport implementation,,,
Method,Core Classes,cancel_task(),a2a.client.transports.rest,Cancels a task via REST API,RestTransport,,
Method,Core Classes,close(),a2a.client.transports.rest,Closes the REST transport connection,RestTransport,,
Method,Core Classes,get_card(),a2a.client.transports.rest,Gets agent card via REST API,RestTransport,,
Method,Core Classes,get_task(),a2a.client.transports.rest,Gets task information via REST API,RestTransport,,
Method,Core Classes,get_task_callback(),a2a.client.transports.rest,Gets task callback configuration via REST API,RestTransport,,
Method,Core Classes,resubscribe(),a2a.client.transports.rest,Resubscribes to task events via REST API,RestTransport,,
Method,Core Classes,send_message(),a2a.client.transports.rest,Sends a message via REST API,RestTransport,,
Method,Core Classes,send_message_streaming(),a2a.client.transports.rest,Sends a streaming message via REST API,RestTransport,,
Method,Core Classes,set_task_callback(),a2a.client.transports.rest,Sets task callback configuration via REST API,RestTransport,,
Class,Core Classes,CredentialService,a2a.client.auth.credentials,Abstract service for retrieving credentials,,,
Method,Core Classes,get_credentials(),a2a.client.auth.credentials,"Retrieves a credential (e.g., token) for a security scheme (abstract)",CredentialService,,
Class,Core Classes,InMemoryContextCredentialStore,a2a.client.auth.credentials,A simple in-memory store for session-keyed credentials,,,
Method,Core Classes,get_credentials(),a2a.client.auth.credentials,Retrieves credentials from the in-memory store,InMemoryContextCredentialStore,,
Method,Core Classes,set_credentials(),a2a.client.auth.credentials,Method to populate the store with credentials,InMemoryContextCredentialStore,,
Class,Core Classes,AuthInterceptor,a2a.client.auth.interceptor,Interceptor for handling authentication,,,
Method,Core Classes,intercept(),a2a.client.auth.interceptor,Intercepts requests to add authentication,AuthInterceptor,,
Class,Core Classes,ServerCallContext,a2a.server.context,Context for server-side calls,,,
Property,Core Classes,activated_extensions,a2a.server.context,Extensions activated for this call,ServerCallContext,,
Property,Core Classes,model_config,a2a.server.context,Model configuration,ServerCallContext,,
Property,Core Classes,requested_extensions,a2a.server.context,Extensions requested for this call,ServerCallContext,,
Property,Core Classes,state,a2a.server.context,Call state information,ServerCallContext,,
Property,Core Classes,user,a2a.server.context,User associated with the call,ServerCallContext,,
Class,Type Classes,AgentCard,a2a.types,The AgentCard is a self-describing manifest for an agent,,,
Property,Type Classes,additional_interfaces,a2a.types,A list of additional supported interfaces,AgentCard,,
Property,Type Classes,capabilities,a2a.types,Agent capabilities,AgentCard,,
Property,Type Classes,default_input_modes,a2a.types,Default input modes supported,AgentCard,,
Property,Type Classes,default_output_modes,a2a.types,Default output modes supported,AgentCard,,
Property,Type Classes,description,a2a.types,Agent description,AgentCard,,
Property,Type Classes,documentation_url,a2a.types,URL to agent documentation,AgentCard,,
Property,Type Classes,icon_url,a2a.types,URL to agent icon,AgentCard,,
Property,Type Classes,name,a2a.types,Agent name,AgentCard,,
Property,Type Classes,preferred_transport,a2a.types,Preferred transport protocol,AgentCard,,
Property,Type Classes,protocol_version,a2a.types,A2A protocol version,AgentCard,,
Property,Type Classes,provider,a2a.types,Agent provider information,AgentCard,,
Property,Type Classes,security,a2a.types,Security requirements,AgentCard,,
Property,Type Classes,security_schemes,a2a.types,Security schemes supported,AgentCard,,
Property,Type Classes,signatures,a2a.types,Digital signatures,AgentCard,,
Property,Type Classes,skills,a2a.types,List of agent skills,AgentCard,,
Property,Type Classes,supports_authenticated_extended_card,a2a.types,Whether agent supports authenticated extended cards,AgentCard,,
Property,Type Classes,url,a2a.types,Agent URL,AgentCard,,
Property,Type Classes,version,a2a.types,Agent version,AgentCard,,
Class,Type Classes,AgentCapabilities,a2a.types,Defines optional capabilities supported by an agent,,,
Property,Type Classes,extensions,a2a.types,A list of protocol extensions supported by the agent,AgentCapabilities,,
Property,Type Classes,push_notifications,a2a.types,Indicates if the agent supports sending push notifications,AgentCapabilities,,
Property,Type Classes,state_transition_history,a2a.types,Indicates if the agent provides a history of state transitions,AgentCapabilities,,
Property,Type Classes,streaming,a2a.types,Indicates if the agent supports Server-Sent Events (SSE) for streaming responses,AgentCapabilities,,
Class,Type Classes,AgentSkill,a2a.types,Represents a skill that an agent can perform,,,
Property,Type Classes,description,a2a.types,Skill description,AgentSkill,,
Property,Type Classes,examples,a2a.types,Example uses of the skill,AgentSkill,,
Property,Type Classes,id,a2a.types,Unique skill identifier,AgentSkill,,
Property,Type Classes,input_modes,a2a.types,Supported input modes for this skill,AgentSkill,,
Property,Type Classes,name,a2a.types,Skill name,AgentSkill,,
Property,Type Classes,output_modes,a2a.types,Supported output modes for this skill,AgentSkill,,
Property,Type Classes,security,a2a.types,Security requirements for this skill,AgentSkill,,
Property,Type Classes,tags,a2a.types,Tags associated with the skill,AgentSkill,,
Class,Type Classes,Task,a2a.types,Represents a task being processed by an agent,,,
Property,Type Classes,artifacts,a2a.types,Generated artifacts for the task,Task,,
Property,Type Classes,context_id,a2a.types,Context identifier for the task,Task,,
Property,Type Classes,history,a2a.types,History of task status updates,Task,,
Property,Type Classes,id,a2a.types,Unique task identifier,Task,,
Property,Type Classes,kind,a2a.types,Task type/kind,Task,,
Property,Type Classes,metadata,a2a.types,Additional task metadata,Task,,
Property,Type Classes,status,a2a.types,Current task status,Task,,
Class,Type Classes,TaskStatus,a2a.types,Represents the status of a task,,,
Property,Type Classes,message,a2a.types,Status message,TaskStatus,,
Property,Type Classes,state,a2a.types,"Task state (submitted, working, completed, etc.)",TaskStatus,,
Property,Type Classes,timestamp,a2a.types,Timestamp of the status update,TaskStatus,,
Class,Type Classes,Message,a2a.types,Represents a message in the A2A protocol,,,
Property,Type Classes,context_id,a2a.types,Context identifier,Message,,
Property,Type Classes,extensions,a2a.types,Message extensions,Message,,
Property,Type Classes,kind,a2a.types,Message kind,Message,,
Property,Type Classes,message_id,a2a.types,Unique message identifier,Message,,
Property,Type Classes,metadata,a2a.types,Message metadata,Message,,
Property,Type Classes,parts,a2a.types,"Message parts (text, data, file)",Message,,
Property,Type Classes,reference_task_ids,a2a.types,Referenced task IDs,Message,,
Property,Type Classes,role,a2a.types,Message role (user or agent),Message,,
Property,Type Classes,task_id,a2a.types,Associated task ID,Message,,
Class,Type Classes,Artifact,a2a.types,Represents an artifact generated for a task,,,
Property,Type Classes,artifact_id,a2a.types,Unique identifier for the artifact,Artifact,,
Property,Type Classes,description,a2a.types,Optional description for the artifact,Artifact,,
Property,Type Classes,extensions,a2a.types,Extensions present in this artifact,Artifact,,
Property,Type Classes,metadata,a2a.types,Artifact metadata,Artifact,,
Property,Type Classes,name,a2a.types,Optional name for the artifact,Artifact,,
Property,Type Classes,parts,a2a.types,Artifact parts,Artifact,,
Class,Type Classes,TextPart,a2a.types,Text content part of a message,,,
Property,Type Classes,kind,a2a.types,Part kind identifier,TextPart,,
Property,Type Classes,metadata,a2a.types,Part metadata,TextPart,,
Property,Type Classes,text,a2a.types,Text content,TextPart,,
Class,Type Classes,DataPart,a2a.types,Data content part of a message,,,
Property,Type Classes,data,a2a.types,Binary data content,DataPart,,
Property,Type Classes,kind,a2a.types,Part kind identifier,DataPart,,
Property,Type Classes,metadata,a2a.types,Part metadata,DataPart,,
Class,Type Classes,FilePart,a2a.types,File content part of a message,,,
Property,Type Classes,file,a2a.types,File information,FilePart,,
Property,Type Classes,kind,a2a.types,Part kind identifier,FilePart,,
Property,Type Classes,metadata,a2a.types,Part metadata,FilePart,,
Class,Type Classes,APIKeySecurityScheme,a2a.types,Defines a security scheme using an API key,,,
Property,Type Classes,description,a2a.types,Optional description for the security scheme,APIKeySecurityScheme,,
Property,Type Classes,in_,a2a.types,"The location of the API key (header, query, cookie)",APIKeySecurityScheme,,
Property,Type Classes,name,a2a.types,"The name of the header, query, or cookie parameter",APIKeySecurityScheme,,
Property,Type Classes,type,a2a.types,The type of the security scheme (must be 'apiKey'),APIKeySecurityScheme,,
Class,Type Classes,HTTPAuthSecurityScheme,a2a.types,HTTP authentication security scheme,,,
Property,Type Classes,bearer_format,a2a.types,Bearer token format,HTTPAuthSecurityScheme,,
Property,Type Classes,description,a2a.types,Optional description,HTTPAuthSecurityScheme,,
Property,Type Classes,scheme,a2a.types,HTTP authentication scheme,HTTPAuthSecurityScheme,,
Property,Type Classes,type,a2a.types,Security scheme type,HTTPAuthSecurityScheme,,
Class,Type Classes,OAuth2SecurityScheme,a2a.types,OAuth2 security scheme,,,
Property,Type Classes,description,a2a.types,Optional description,OAuth2SecurityScheme,,
Property,Type Classes,flows,a2a.types,OAuth2 flows configuration,OAuth2SecurityScheme,,
Property,Type Classes,oauth2_metadata_url,a2a.types,OAuth2 metadata URL,OAuth2SecurityScheme,,
Property,Type Classes,type,a2a.types,Security scheme type,OAuth2SecurityScheme,,
Class,Request/Response Classes,SendMessageRequest,a2a.types,JSON-RPC request for sending a message,,,
Property,Request/Response Classes,id,a2a.types,Request identifier,SendMessageRequest,,
Property,Request/Response Classes,jsonrpc,a2a.types,JSON-RPC version (must be '2.0'),SendMessageRequest,,
Property,Request/Response Classes,method,a2a.types,Method name ('messages/send'),SendMessageRequest,,
Property,Request/Response Classes,params,a2a.types,Message send parameters,SendMessageRequest,,
Class,Request/Response Classes,SendMessageResponse,a2a.types,Response to a send message request,,,
Property,Request/Response Classes,root,a2a.types,Response root containing result or error,SendMessageResponse,,
Class,Request/Response Classes,SendStreamingMessageRequest,a2a.types,JSON-RPC request for sending a streaming message,,,
Property,Request/Response Classes,id,a2a.types,Request identifier,SendStreamingMessageRequest,,
Property,Request/Response Classes,jsonrpc,a2a.types,JSON-RPC version (must be '2.0'),SendStreamingMessageRequest,,
Property,Request/Response Classes,method,a2a.types,Method name ('messages/stream'),SendStreamingMessageRequest,,
Property,Request/Response Classes,params,a2a.types,Message send parameters,SendStreamingMessageRequest,,
Class,Request/Response Classes,GetTaskRequest,a2a.types,JSON-RPC request for getting task information,,,
Property,Request/Response Classes,id,a2a.types,Request identifier,GetTaskRequest,,
Property,Request/Response Classes,jsonrpc,a2a.types,JSON-RPC version,GetTaskRequest,,
Property,Request/Response Classes,method,a2a.types,Method name ('tasks/get'),GetTaskRequest,,
Property,Request/Response Classes,params,a2a.types,Task query parameters,GetTaskRequest,,
Class,Request/Response Classes,CancelTaskRequest,a2a.types,JSON-RPC request for canceling a task,,,
Property,Request/Response Classes,id,a2a.types,Request identifier,CancelTaskRequest,,
Property,Request/Response Classes,jsonrpc,a2a.types,JSON-RPC version,CancelTaskRequest,,
Property,Request/Response Classes,method,a2a.types,Method name ('tasks/cancel'),CancelTaskRequest,,
Property,Request/Response Classes,params,a2a.types,Task ID parameters,CancelTaskRequest,,
Class,Error Classes,A2AClientError,a2a.client.errors,Base class for A2A client errors,,,
Class,Error Classes,A2AClientHTTPError,a2a.client.errors,HTTP error in A2A client operations,,,
Class,Error Classes,A2AClientJSONError,a2a.client.errors,JSON parsing/validation error in A2A client,,,
Class,Error Classes,A2AClientTimeoutError,a2a.client.errors,Timeout error in A2A client operations,,,
Class,Error Classes,TaskNotFoundError,a2a.types,A2A specific error indicating the requested task ID was not found,,,
Property,Error Classes,code,a2a.types,Error code (-32001),TaskNotFoundError,,
Property,Error Classes,data,a2a.types,Additional error information,TaskNotFoundError,,
Property,Error Classes,message,a2a.types,Error message ('Task not found'),TaskNotFoundError,,
Class,Error Classes,TaskNotCancelableError,a2a.types,A2A specific error indicating the task cannot be canceled,,,
Property,Error Classes,code,a2a.types,Error code (-32002),TaskNotCancelableError,,
Property,Error Classes,data,a2a.types,Additional error information,TaskNotCancelableError,,
Property,Error Classes,message,a2a.types,Error message ('Task cannot be canceled'),TaskNotCancelableError,,
Class,Error Classes,UnsupportedOperationError,a2a.types,A2A specific error indicating the requested operation is not supported,,,
Property,Error Classes,code,a2a.types,Error code (-32004),UnsupportedOperationError,,
Property,Error Classes,data,a2a.types,Additional error information,UnsupportedOperationError,,
Property,Error Classes,message,a2a.types,Error message ('This operation is not supported'),UnsupportedOperationError,,
Function,Utility Functions,create_text_message_object(),a2a.client.helpers,Create a Message object containing a single TextPart,,,"role (Role), content (str)"
Function,Utility Functions,minimal_agent_card(),a2a.client.client_factory,Creates a minimal agent card for testing/development,,,
Function,Utility Functions,new_agent_text_message(),a2a.utils.message,Creates a message object from the agent to the client,,,
Function,Utility Functions,new_agent_parts_message(),a2a.utils.message,Creates a message with multiple parts from agent,,,
Function,Utility Functions,get_message_text(),a2a.utils.message,Extracts text content from a message,,,
Function,Utility Functions,get_text_parts(),a2a.utils.message,Gets text parts from a message,,,
Function,Utility Functions,get_data_parts(),a2a.utils.message,Gets data parts from a message,,,
Function,Utility Functions,get_file_parts(),a2a.utils.message,Gets file parts from a message,,,
Function,Utility Functions,new_artifact(),a2a.utils.artifact,Creates a new artifact,,,
Function,Utility Functions,new_text_artifact(),a2a.utils.artifact,Creates a textual result artifact,,,
Function,Utility Functions,new_data_artifact(),a2a.utils.artifact,Creates a data artifact,,,
Function,Utility Functions,new_task(),a2a.utils.task,Creates a new task object from the initial message,,,
Function,Utility Functions,completed_task(),a2a.utils.task,Creates a completed task object,,,
Function,Utility Functions,append_artifact_to_task(),a2a.utils.helpers,Appends an artifact to a task,,,
Function,Utility Functions,are_modalities_compatible(),a2a.utils.helpers,Checks if input/output modalities are compatible,,,
Function,Utility Functions,build_text_artifact(),a2a.utils.helpers,Builds a text artifact,,,
Function,Utility Functions,create_task_obj(),a2a.utils.helpers,Creates a task object,,,
Function,Utility Functions,validate(),a2a.utils.helpers,Validates data against a schema,,,
Function,Utility Functions,validate_async_generator(),a2a.utils.helpers,Validates an async generator,,,
Function,Extension Functions,find_extension_by_uri(),a2a.extensions.common,Finds an extension by its URI,,,
Function,Extension Functions,get_requested_extensions(),a2a.extensions.common,Gets extensions requested in a call,,,
Class,Event Classes,TaskStatusUpdateEvent,a2a.types,"Event for sending status updates like working, completed",,,
Property,Event Classes,context_id,a2a.types,Context identifier,TaskStatusUpdateEvent,,
Property,Event Classes,final,a2a.types,Whether this is the final status update,TaskStatusUpdateEvent,,
Property,Event Classes,kind,a2a.types,Event kind identifier,TaskStatusUpdateEvent,,
Property,Event Classes,metadata,a2a.types,Event metadata,TaskStatusUpdateEvent,,
Property,Event Classes,status,a2a.types,Task status information,TaskStatusUpdateEvent,,
Property,Event Classes,task_id,a2a.types,Associated task ID,TaskStatusUpdateEvent,,
Class,Event Classes,TaskArtifactUpdateEvent,a2a.types,Event for sending result artifacts back to the client,,,
Property,Event Classes,append,a2a.types,Indicates if this artifact appends to a previous one,TaskArtifactUpdateEvent,,
Property,Event Classes,artifact,a2a.types,Generated artifact,TaskArtifactUpdateEvent,,
Property,Event Classes,context_id,a2a.types,Context identifier,TaskArtifactUpdateEvent,,
Property,Event Classes,kind,a2a.types,Event kind identifier ('artifact-update'),TaskArtifactUpdateEvent,,
Property,Event Classes,last_chunk,a2a.types,Indicates if this is the last chunk of the artifact,TaskArtifactUpdateEvent,,
Property,Event Classes,metadata,a2a.types,Event metadata,TaskArtifactUpdateEvent,,
Property,Event Classes,task_id,a2a.types,Associated task ID,TaskArtifactUpdateEvent,,
Enum,Enumerations,TaskState,a2a.types,Enum that defines task states,,,
Enum Value,Enumerations,auth_required,a2a.types,Authentication required to proceed,TaskState,,
Enum Value,Enumerations,canceled,a2a.types,Task has been canceled,TaskState,,
Enum Value,Enumerations,completed,a2a.types,Task has completed successfully,TaskState,,
Enum Value,Enumerations,failed,a2a.types,Task has failed,TaskState,,
Enum Value,Enumerations,input_required,a2a.types,Additional input required from user,TaskState,,
Enum Value,Enumerations,rejected,a2a.types,Task was rejected,TaskState,,
Enum Value,Enumerations,submitted,a2a.types,Task has been submitted,TaskState,,
Enum Value,Enumerations,unknown,a2a.types,Unknown task state,TaskState,,
Enum Value,Enumerations,working,a2a.types,Task is being processed,TaskState,,
Enum,Enumerations,Role,a2a.types,Message role enumeration,,,
Enum Value,Enumerations,agent,a2a.types,Message from agent,Role,,
Enum Value,Enumerations,user,a2a.types,Message from user,Role,,
Enum,Enumerations,TransportProtocol,a2a.types,Supported transport protocols,,,
Enum Value,Enumerations,grpc,a2a.types,gRPC transport,TransportProtocol,,
Enum Value,Enumerations,http_json,a2a.types,HTTP JSON transport,TransportProtocol,,
Enum Value,Enumerations,jsonrpc,a2a.types,JSON-RPC transport,TransportProtocol,,
Enum,Enumerations,In,a2a.types,API key location enumeration,,,
Enum Value,Enumerations,cookie,a2a.types,API key in cookie,In,,
Enum Value,Enumerations,header,a2a.types,API key in header,In,,
Enum Value,Enumerations,query,a2a.types,API key in query parameter,In,,
